step,train_loss,eval_loss
1,9.460998,
2,9.111530,
3,8.357968,
4,8.284399,
5,7.994360,
6,7.722428,
7,8.053314,
8,7.648197,
9,8.219743,
10,8.155478,
11,8.108268,
12,8.014588,
13,8.341825,
14,7.962164,
15,7.677708,
16,8.155160,
17,8.070278,
18,7.898824,
19,7.828846,
20,7.867737,
21,7.853515,
22,7.850027,
23,7.726404,
24,7.764398,
25,7.769410,
26,7.899577,
27,7.920004,
28,7.642307,
29,7.981303,
30,7.824609,
31,7.998384,
32,8.121629,
33,8.073800,
34,8.009994,
35,8.150250,
36,8.048024,
37,7.960734,
38,8.040695,
39,8.161655,
40,7.754781,
41,7.761035,
42,7.797637,
43,8.014688,
44,7.689120,
45,7.463336,
46,7.622847,
47,7.717568,
48,7.663891,
49,8.130001,
50,7.990539,
51,8.779989,
52,7.749102,
53,7.916803,
54,7.868822,
55,8.018727,
56,7.892238,
57,8.066071,
58,7.968813,
59,7.746842,
60,7.732622,
61,7.724101,
62,7.441603,
63,7.871939,
64,8.013274,
65,7.734002,
66,7.553249,
67,7.750978,
68,7.973114,
69,7.557504,
70,7.686233,
71,7.647322,
72,7.589873,
73,7.820013,
74,7.661561,
75,7.563606,
76,7.540301,
77,7.573502,
78,7.805591,
79,7.900299,
80,7.557409,
81,7.763284,
82,7.899191,
83,7.604299,
84,7.896199,
85,7.667824,
86,7.669220,
87,7.969799,
88,7.383955,
89,7.692875,
90,7.737759,
91,7.515689,
92,7.599146,
93,7.718362,
94,7.406893,
95,7.717355,
96,7.270727,
97,7.637749,
98,7.750704,
99,7.809745,
100,7.376231,
101,7.643461,
102,7.399440,
103,7.553181,
104,7.391998,
105,8.011184,
106,7.912157,
107,7.540643,
108,7.497271,
109,7.130116,
110,7.548622,
111,7.695943,
112,7.344758,
113,7.262060,
114,7.294406,
115,7.455029,
116,7.943915,
117,7.558167,
118,7.524544,
119,7.379627,
120,7.582913,
121,7.494901,
122,7.972073,
123,7.400472,
124,7.724245,
125,7.375694,
126,7.955642,
127,7.538134,
128,7.780191,
129,7.358983,
130,7.385002,
131,7.146252,
132,7.607400,
133,7.429760,
134,7.522904,
135,7.490966,
136,7.611560,
137,7.298882,
138,7.587516,
139,7.486663,
140,7.355844,
141,7.248047,
142,7.382001,
143,7.624566,
144,7.203093,
145,7.508302,
146,6.996790,
147,7.208290,
148,7.395731,
149,7.496496,
150,7.130360,
151,7.663754,
152,7.358842,
153,7.205810,
154,7.389932,
155,7.239584,
156,7.055963,
157,7.534909,
158,7.273052,
159,7.437820,
160,7.244515,
161,7.175167,
162,7.327676,
163,7.175221,
164,7.241517,
165,7.345758,
166,7.284767,
167,7.225813,
168,7.248474,
169,7.732182,
170,7.555784,
171,7.715868,
172,7.671242,
173,7.038332,
174,7.751769,
175,7.595129,
176,7.523117,
177,7.329498,
178,7.246684,
179,7.336487,
180,7.553864,
181,7.127489,
182,7.157082,
183,7.392806,
184,7.278479,
185,7.521346,
186,6.977288,
187,6.963423,
188,7.057868,
189,7.331999,
190,7.410083,
191,7.327195,
192,7.192801,
193,7.059911,
194,6.794187,
195,7.201971,
196,7.432372,
197,7.202983,
198,6.992806,
199,7.152535,
200,7.069973,
201,7.469096,
202,7.619111,
203,6.998222,
204,7.534621,
205,7.188628,
206,7.272149,
207,7.309272,
208,7.067567,
209,7.238214,
210,7.111257,
211,7.384055,
212,7.202327,
213,7.333477,
214,7.007027,
215,7.420049,
216,7.016271,
217,7.017332,
218,7.252587,
219,6.953022,
220,7.284871,
221,7.478333,
222,7.518579,
223,7.153790,
224,7.166715,
225,7.247191,
226,7.206901,
227,7.222388,
228,7.370979,
229,7.340661,
230,7.109635,
231,7.329702,
232,6.831682,
233,6.971320,
234,7.617246,
235,7.383074,
236,6.867661,
237,7.267221,
238,6.986965,
239,7.178198,
240,7.177366,
241,7.488130,
242,7.339187,
243,7.146155,
244,7.486767,
245,6.985582,
246,6.763216,
247,6.900281,
248,6.702933,
249,7.232733,
250,7.228921,
251,7.012833,
252,7.120311,
253,7.251669,
254,6.826346,
255,7.624634,
256,7.195958,
257,7.217999,
258,7.292067,
259,6.980919,
260,6.955302,
261,7.080008,
262,6.836331,
263,6.653983,
264,7.351811,
265,7.101301,
266,7.555882,
267,7.291619,
268,7.244696,
269,7.053629,
270,7.380418,
271,7.418315,
272,7.439917,
273,6.774060,
274,7.186839,
275,6.999732,
276,6.865501,
277,7.214341,
278,6.982083,
279,7.358919,
280,7.242500,
281,7.172301,
282,7.025928,
283,7.134642,
284,7.480052,
285,7.287347,
286,6.966373,
287,6.597357,
288,7.119548,
289,6.733650,
290,6.823526,
291,7.036417,
292,7.314229,
293,6.943481,
294,7.475063,
295,6.940257,
296,7.119061,
297,7.243924,
298,7.018509,
299,6.971634,
300,7.052229,
301,7.007250,
302,6.951824,
303,7.013590,
304,7.062515,
305,6.787855,
306,7.421461,
307,6.933547,
308,6.923517,
309,6.927190,
310,6.749143,
311,6.880121,
312,6.812921,
313,7.099085,
314,6.735905,
315,7.051995,
316,7.114295,
317,6.824515,
318,6.989561,
319,7.379593,
320,6.648345,
321,7.099707,
322,6.920667,
323,7.095118,
324,6.741672,
325,7.052064,
326,7.002525,
327,6.657622,
328,6.695422,
329,7.202544,
330,6.847083,
331,6.416975,
332,7.442227,
333,7.123784,
334,7.494409,
335,6.686030,
336,6.957179,
337,7.018415,
338,7.004151,
339,7.128690,
340,6.832103,
341,7.174206,
342,6.863913,
343,7.292523,
344,7.069402,
345,6.925959,
346,7.036607,
347,6.955655,
348,6.951129,
349,7.034433,
350,6.768302,
351,7.379432,
352,6.827004,
353,6.900796,
354,6.728740,
355,7.094644,
356,7.040043,
357,7.079003,
358,6.939624,
359,6.750533,
360,7.040059,
361,7.010890,
362,7.353980,
363,7.023055,
364,6.874382,
365,6.846981,
366,6.932207,
367,7.050782,
368,6.723025,
369,7.171786,
370,6.688721,
371,6.785148,
372,7.071722,
373,7.009426,
374,7.991814,
375,6.891394,
376,6.565309,
377,7.194409,
378,6.998410,
379,7.650987,
380,6.567716,
381,6.949548,
382,7.083921,
383,6.958599,
384,6.692006,
385,6.895689,
386,7.463808,
387,7.107495,
388,6.848623,
389,6.653735,
390,6.646236,
391,7.034535,
392,7.053896,
393,7.109711,
394,7.139691,
395,6.935791,
396,6.842976,
397,6.969597,
398,6.969427,
399,7.018828,
400,7.059330,
401,6.954273,
402,7.004172,
403,6.763782,
404,6.532808,
405,7.129696,
406,6.624092,
407,6.758878,
408,6.870076,
409,6.850508,
410,7.201271,
411,6.863132,
412,6.625957,
413,6.629002,
414,6.553159,
415,7.253255,
416,6.942852,
417,6.678593,
418,7.034246,
419,6.681507,
420,7.273076,
421,6.823947,
422,7.082853,
423,6.886374,
424,6.879286,
425,7.051419,
426,7.056030,
427,6.962592,
428,6.983357,
429,6.989079,
430,6.887921,
431,6.918682,
432,6.681637,
433,6.805406,
434,6.842487,
435,7.226514,
436,6.978600,
437,6.561553,
438,6.556995,
439,6.627650,
440,6.516842,
441,7.054627,
442,6.851278,
443,6.868332,
444,6.739942,
445,6.978897,
446,7.153409,
447,6.831299,
448,7.511714,
449,7.029536,
450,6.760939,
451,6.761525,
452,6.936459,
453,6.828326,
454,6.491787,
455,6.827617,
456,7.079385,
457,6.711681,
458,6.819657,
459,6.975447,
460,6.859659,
461,6.372040,
462,7.205959,
463,6.586596,
464,6.917288,
465,6.607180,
466,6.968878,
467,6.933847,
468,7.034844,
469,6.835855,
470,6.893574,
471,6.926055,
472,6.984040,
473,6.851637,
474,6.849122,
475,7.006484,
476,7.095227,
477,6.764704,
478,6.768212,
479,6.749251,
480,7.244034,
481,6.752706,
482,6.779757,
483,6.961732,
484,6.789269,
485,6.358547,
486,6.909979,
487,6.837740,
488,6.733382,
489,6.819074,
490,6.841457,
491,6.889840,
492,7.007766,
493,6.965354,
494,6.982276,
495,6.843060,
496,6.764258,
497,6.476874,
498,6.705630,
499,6.685305,
500,6.860927,
501,6.740946,
502,7.348509,
503,6.923850,
504,6.484787,
505,6.157290,
506,6.873506,
507,7.001235,
508,7.201674,
509,6.831592,
510,6.903087,
511,7.214260,
512,6.135352,
513,7.641094,
514,7.101285,
515,6.829702,
516,6.774015,
517,6.700583,
518,6.748832,
519,6.967194,
520,7.159158,
521,6.728533,
522,6.850434,
523,6.753864,
524,6.970059,
525,6.647162,
526,6.685527,
527,6.757711,
528,6.550227,
529,6.357266,
530,6.488550,
531,7.464857,
532,6.888695,
533,6.853811,
534,6.918262,
535,6.896014,
536,6.583238,
537,6.904351,
538,6.350829,
539,6.289386,
540,6.954381,
541,6.978302,
542,6.898036,
543,6.952996,
544,6.888441,
545,7.071166,
546,7.219712,
547,6.772336,
548,6.983594,
549,6.522967,
550,6.582287,
551,6.824341,
552,6.714822,
553,6.878396,
554,6.472095,
555,6.898468,
556,6.743248,
557,6.955720,
558,6.868234,
559,7.195090,
560,6.799738,
561,6.317533,
562,6.719876,
563,6.614411,
564,6.498402,
565,6.630039,
566,7.696520,
567,6.461047,
568,6.501819,
569,7.848669,
570,6.680385,
571,6.866477,
572,6.631677,
573,6.746066,
574,6.823191,
575,6.684903,
576,6.437434,
577,6.591768,
578,6.676513,
579,6.941924,
580,6.797173,
581,6.499710,
582,6.444135,
583,7.154779,
584,6.668071,
585,6.677591,
586,6.869196,
587,7.407931,
588,7.038710,
589,6.535748,
590,6.414423,
591,7.980238,
592,6.762844,
593,6.909497,
594,6.836446,
595,6.830885,
596,6.762836,
597,6.668045,
598,6.429298,
599,6.807316,
600,6.903358,
601,6.969150,
602,6.602220,
603,6.754528,
604,6.633879,
605,6.515622,
606,6.449827,
607,6.760406,
608,7.067558,
609,6.418362,
610,6.382678,
611,6.829646,
612,6.506137,
613,6.499598,
614,6.506855,
615,6.632600,
616,6.853465,
617,7.341101,
618,7.157508,
619,6.824096,
620,6.701695,
621,7.271343,
622,6.592990,
623,6.562570,7.622762
624,6.574713,
625,6.627345,
626,6.567215,
627,6.909383,
628,6.310298,
629,6.555644,
630,6.526784,
631,6.207685,
632,6.659562,
633,6.554647,
634,6.603591,
635,6.370734,
636,6.809268,
637,6.522908,
638,6.407380,
639,6.753809,
640,6.772050,
641,6.581695,
642,6.421382,
643,6.437934,
644,6.604142,
645,6.576894,
646,6.567240,
647,6.231106,
648,6.436084,
649,6.670613,
650,6.650248,
651,6.481184,
652,6.518685,
653,6.606195,
654,6.561229,
655,6.781510,
656,6.744796,
657,6.682297,
658,6.697184,
659,6.495318,
660,6.415318,
661,6.743674,
662,6.622996,
663,6.256850,
664,6.347898,
665,6.279574,
666,6.705215,
667,6.441089,
668,6.027932,
669,6.487759,
670,6.351574,
671,6.223541,
672,6.416158,
673,6.711962,
674,7.099314,
675,6.350488,
676,6.368789,
677,6.531550,
678,6.770252,
679,6.540300,
680,6.763078,
681,6.711524,
682,6.622193,
683,6.506781,
684,6.585526,
685,6.235508,
686,6.406479,
687,6.775931,
688,6.527354,
689,6.505448,
690,6.676946,
691,6.646236,
692,6.212806,
693,6.315194,
694,6.045349,
695,6.354775,
696,6.653316,
697,6.434106,
698,6.328042,
699,6.289128,
700,6.281142,
701,6.581092,
702,6.610466,
703,6.474331,
704,6.449100,
705,6.355152,
706,6.435857,
707,6.605881,
708,6.566723,
709,6.455113,
710,6.318675,
711,6.139141,
712,6.473400,
713,6.578334,
714,6.263258,
715,6.508204,
716,6.685978,
717,6.333601,
718,6.405501,
719,6.034446,
720,6.579557,
721,6.663290,
722,6.446414,
723,6.165902,
724,6.294356,
725,6.354981,
726,6.373837,
727,6.334342,
728,6.466929,
729,6.306249,
730,6.258767,
731,6.526877,
732,6.132019,
733,6.434390,
734,6.585606,
735,6.257505,
736,6.158342,
737,6.303679,
738,6.316617,
739,6.709778,
740,6.657709,
741,6.365401,
742,6.429605,
743,6.427726,
744,6.428058,
745,6.697991,
746,6.313272,
747,6.613309,
748,6.390913,
749,6.851887,
750,6.480350,
751,6.360878,
752,6.389198,
753,6.520697,
754,6.351946,
755,6.494263,
756,6.581223,
757,6.636831,
758,6.498117,
759,6.595419,
760,6.252917,
761,6.524219,
762,6.488735,
763,6.345453,
764,6.483536,
765,6.463738,
766,6.693178,
767,6.375423,
768,6.546123,
769,6.257733,
770,6.384941,
771,6.381431,
772,6.319331,
773,6.210670,
774,6.614470,
775,6.526164,
776,6.486205,
777,6.511451,
778,6.411313,
779,6.310871,
780,6.594170,
781,6.465530,
782,6.636229,
783,6.226055,
784,6.297053,
785,6.312139,
786,6.337947,
787,6.316183,
788,6.553874,
789,6.263902,
790,6.383661,
791,6.410466,
792,6.861871,
793,6.697310,
794,6.724858,
795,6.587868,
796,6.247333,
797,6.745940,
798,6.670494,
799,6.429258,
800,6.376832,
801,6.221570,
802,6.416040,
803,6.643683,
804,6.422682,
805,6.293551,
806,6.505836,
807,6.423470,
808,6.582157,
809,6.223182,
810,5.997137,
811,6.282746,
812,6.407299,
813,6.514611,
814,6.479685,
815,6.540968,
816,6.331183,
817,6.099962,
818,6.541627,
819,6.650975,
820,6.535954,
821,6.336419,
822,6.491162,
823,6.472381,
824,6.598221,
825,6.690652,
826,6.355685,
827,6.642437,
828,6.405502,
829,6.511805,
830,6.692001,
831,6.354181,
832,6.424415,
833,6.392373,
834,6.617916,
835,6.333357,
836,6.575665,
837,6.248098,
838,6.646172,
839,6.479783,
840,6.226456,
841,6.277773,
842,6.296339,
843,6.582108,
844,6.595848,
845,6.738934,
846,6.482054,
847,6.414744,
848,6.554510,
849,6.586966,
850,6.476549,
851,6.593661,
852,6.747632,
853,6.410989,
854,6.714613,
855,6.081612,
856,6.382058,
857,6.817794,
858,6.720278,
859,6.181201,
860,6.679359,
861,6.367390,
862,6.632256,
863,6.422201,
864,6.759729,
865,6.480564,
866,6.497328,
867,6.570774,
868,6.317179,
869,6.067112,
870,6.359024,
871,6.056991,
872,6.540873,
873,6.497203,
874,6.359085,
875,6.395088,
876,6.522316,
877,6.308257,
878,6.787995,
879,6.557281,
880,6.541841,
881,6.646836,
882,6.390705,
883,6.403323,
884,6.435298,
885,6.275242,
886,6.121558,
887,6.676372,
888,6.467032,
889,6.728831,
890,6.710289,
891,6.695018,
892,6.367483,
893,6.729981,
894,6.694014,
895,6.706081,
896,5.994004,
897,6.634176,
898,6.540599,
899,6.167817,
900,6.489686,
901,6.325019,
902,6.643926,
903,6.371031,
904,6.627219,
905,6.439450,
906,6.357504,
907,6.810022,
908,6.544500,
909,6.365813,
910,5.890875,
911,6.467467,
912,6.226835,
913,6.227102,
914,6.248802,
915,6.754232,
916,6.394534,
917,6.551174,
918,6.375739,
919,6.377638,
920,6.356627,
921,6.354729,
922,6.356822,
923,6.424444,
924,6.368897,
925,6.387079,
926,6.402832,
927,6.363105,
928,6.296071,
929,6.695461,
930,6.457496,
931,6.429422,
932,6.526885,
933,6.203827,
934,6.292115,
935,6.355983,
936,6.363854,
937,6.232475,
938,6.507538,
939,6.223109,
940,6.291523,
941,6.509391,
942,6.666032,
943,6.198634,
944,6.530576,
945,6.332144,
946,6.602994,
947,6.146352,
948,6.334246,
949,6.462263,
950,6.259661,
951,6.244528,
952,6.716555,
953,6.405578,
954,6.041077,
955,6.721239,
956,6.516847,
957,6.965829,
958,6.195466,
959,6.372433,
960,6.441379,
961,6.360004,
962,6.730735,
963,6.332033,
964,6.524117,
965,6.300186,
966,6.746959,
967,6.572548,
968,6.342069,
969,6.235414,
970,6.541374,
971,6.323184,
972,6.601905,
973,6.297559,
974,6.687936,
975,6.291281,
976,6.284289,
977,6.047709,
978,6.629095,
979,6.567813,
980,6.551947,
981,6.653560,
982,6.219872,
983,6.533476,
984,6.419956,
985,6.737371,
986,6.530242,
987,6.378981,
988,6.292430,
989,6.466372,
990,6.556633,
991,6.304744,
992,6.538411,
993,6.283137,
994,6.392073,
995,6.541420,
996,6.507808,
997,7.106737,
998,6.449292,
999,6.200220,
1000,6.703307,
1001,6.623784,
1002,6.875490,
1003,6.145114,
1004,6.372386,
1005,6.625606,
1006,6.460959,
1007,6.194672,
1008,6.545156,
1009,6.813686,
1010,6.683501,
1011,6.441044,
1012,6.228302,
1013,6.266512,
1014,6.565413,
1015,6.525357,
1016,6.673372,
1017,6.497442,
1018,6.527761,
1019,6.231026,
1020,6.170839,
1021,6.517013,
1022,6.476389,
1023,6.623158,
1024,6.538875,
1025,6.564431,
1026,6.469052,
1027,6.155945,
1028,6.659838,
1029,6.152305,
1030,6.316913,
1031,6.469464,
1032,6.400753,
1033,6.655459,
1034,6.520757,
1035,6.302080,
1036,6.136542,
1037,6.183913,
1038,6.857293,
1039,6.434960,
1040,6.314775,
1041,6.539131,
1042,6.312123,
1043,6.676234,
1044,6.366988,
1045,6.561603,
1046,6.358154,
1047,6.462584,
1048,6.681567,
1049,6.470806,
1050,6.475525,
1051,6.562002,
1052,6.420492,
1053,6.462811,
1054,6.576454,
1055,6.244776,
1056,6.370703,
1057,6.525708,
1058,6.801360,
1059,6.582543,
1060,6.177446,
1061,6.225988,
1062,6.340878,
1063,6.078483,
1064,6.628095,
1065,6.420300,
1066,6.438718,
1067,6.359627,
1068,6.526861,
1069,6.476911,
1070,6.440522,
1071,6.738411,
1072,6.586814,
1073,6.371719,
1074,6.402291,
1075,6.548537,
1076,6.421850,
1077,6.217608,
1078,6.381520,
1079,6.624127,
1080,6.347037,
1081,6.215409,
1082,6.500834,
1083,6.370767,
1084,5.856525,
1085,6.724288,
1086,6.325749,
1087,6.353778,
1088,6.218166,
1089,6.632363,
1090,6.518126,
1091,6.567657,
1092,6.478541,
1093,6.443827,
1094,6.295048,
1095,6.614868,
1096,6.486025,
1097,6.370512,
1098,6.663253,
1099,6.500476,
1100,6.483043,
1101,6.367185,
1102,6.495267,
1103,6.690203,
1104,6.401376,
1105,6.273407,
1106,6.652480,
1107,6.424218,
1108,6.086790,
1109,6.452717,
1110,6.453059,
1111,6.394094,
1112,6.407729,
1113,6.376169,
1114,6.554469,
1115,6.589215,
1116,6.478929,
1117,6.570607,
1118,6.528139,
1119,6.425068,
1120,6.066883,
1121,6.381693,
1122,6.329826,
1123,6.495937,
1124,6.452901,
1125,6.874044,
1126,6.456823,
1127,6.120489,
1128,5.913511,
1129,6.462976,
1130,6.675738,
1131,6.720801,
1132,6.462202,
1133,6.292870,
1134,6.720500,
1135,5.779497,
1136,6.805693,
1137,6.719912,
1138,6.460734,
1139,6.437720,
1140,6.382450,
1141,6.422392,
1142,6.482527,
1143,6.742659,
1144,6.370969,
1145,6.353040,
1146,6.277613,
1147,6.508164,
1148,6.344188,
1149,6.337304,
1150,6.447501,
1151,6.225116,
1152,5.981924,
1153,6.251534,
1154,6.990723,
1155,6.469190,
1156,6.563321,
1157,6.500150,
1158,6.550565,
1159,6.182170,
1160,6.520196,
1161,6.042346,
1162,5.851910,
1163,6.603905,
1164,6.583911,
1165,6.563893,
1166,6.552901,
1167,6.512749,
1168,6.596636,
1169,6.742436,
1170,6.409954,
1171,6.572114,
1172,6.074022,
1173,6.213220,
1174,6.546446,
1175,6.318067,
1176,6.320763,
1177,6.134586,
1178,6.560865,
1179,6.320480,
1180,6.579583,
1181,6.479390,
1182,6.814947,
1183,6.412443,
1184,6.000677,
1185,6.272396,
1186,6.228968,
1187,6.076523,
1188,6.474361,
1189,7.073220,
1190,6.057447,
1191,6.197416,
1192,7.091421,
1193,6.241455,
1194,6.429667,
1195,6.352895,
1196,6.341655,
1197,6.433925,
1198,6.302924,
1199,6.135984,
1200,6.138684,
1201,6.445930,
1202,6.597037,
1203,6.493396,
1204,6.170779,
1205,6.020464,
1206,6.755754,
1207,6.246799,
1208,6.340131,
1209,6.554165,
1210,6.969092,
1211,6.616868,
1212,6.271928,
1213,6.088708,
1214,7.168357,
1215,6.302649,
1216,6.474735,
1217,6.416234,
1218,6.400436,
1219,6.385385,
1220,6.425354,
1221,6.115536,
1222,6.302273,
1223,6.527296,
1224,6.608188,
1225,6.258226,
1226,6.356987,
1227,6.366762,
1228,6.096788,
1229,6.092978,
1230,6.358992,
1231,6.637052,
1232,6.310131,
1233,6.216704,
1234,6.351487,
1235,6.164919,
1236,6.060736,
1237,6.191695,
1238,6.410916,
1239,6.393901,
1240,6.957010,
1241,6.533941,
1242,6.517064,
1243,6.331531,
1244,6.914416,
1245,6.036573,
1246,6.220406,
1247,6.253918,
1248,6.437424,
1249,6.472609,
1250,6.546781,
1251,6.166852,
1252,6.425318,
1253,6.424775,
1254,6.117537,
1255,6.515044,
1256,6.436421,
1257,6.431937,
1258,6.184506,
1259,6.513726,
1260,6.186768,
1261,6.048886,
1262,6.119469,
1263,6.370594,
1264,6.188132,
1265,6.075476,
1266,5.762367,
1267,6.222012,
1268,6.394581,
1269,6.220428,
1270,5.972391,
1271,6.158958,
1272,6.310335,
1273,6.173104,
1274,5.831711,
1275,6.246793,
1276,6.252508,
1277,6.173516,
1278,6.572501,
1279,6.487617,
1280,6.412688,
1281,6.116358,
1282,6.188400,
1283,6.195392,
1284,6.549373,
1285,6.318761,
1286,5.935474,
1287,5.996678,
1288,5.796246,
1289,6.315444,
1290,6.107025,
1291,5.932894,
1292,6.007083,
1293,6.177283,
1294,6.058689,
1295,6.087500,
1296,6.379084,
1297,6.233037,
1298,5.771515,
1299,5.996243,
1300,6.331328,
1301,6.664718,
1302,6.399013,
1303,6.531233,
1304,6.371745,
1305,6.436879,
1306,6.274630,
1307,6.425272,
1308,6.142298,
1309,6.291978,
1310,6.552480,
1311,6.300870,
1312,6.259166,
1313,6.466030,
1314,6.417720,
1315,6.101459,
1316,6.214046,
1317,5.806246,
1318,6.215814,
1319,6.380097,
1320,6.067776,
1321,6.064293,
1322,6.141112,
1323,6.003153,
1324,6.511090,
1325,6.291323,
1326,6.217535,
1327,6.204675,
1328,5.968830,
1329,6.280113,
1330,6.420741,
1331,6.191949,
1332,6.294007,
1333,5.698334,
1334,5.940420,
1335,6.255518,
1336,6.320045,
1337,5.789367,
1338,6.243330,
1339,6.436724,
1340,6.028320,
1341,6.138377,
1342,5.554557,
1343,6.184508,
1344,6.421235,
1345,6.049533,
1346,5.887110,
1347,6.132392,
1348,6.086307,
1349,5.987979,
1350,6.075661,
1351,6.101972,
1352,5.783057,
1353,5.733455,
1354,6.285502,
1355,5.801316,
1356,6.241756,
1357,6.403675,
1358,6.078043,
1359,6.064939,
1360,6.129879,
1361,5.984709,
1362,6.505492,
1363,6.556189,
1364,6.194706,
1365,6.363564,
1366,6.326272,
1367,6.334992,
1368,6.594784,
1369,6.078441,
1370,6.309333,
1371,6.088822,
1372,6.691289,
1373,6.263801,
1374,5.723883,
1375,6.173552,
1376,6.063151,
1377,6.093444,
1378,6.064426,
1379,6.248133,
1380,6.379407,
1381,6.297346,
1382,6.277809,
1383,5.904216,
1384,6.300502,
1385,6.253957,
1386,5.972822,
1387,6.353440,
1388,6.197727,
1389,6.458975,
1390,6.056509,
1391,6.341943,
1392,5.989220,
1393,6.201732,
1394,6.132714,
1395,5.815051,
1396,6.072943,
1397,6.295807,
1398,6.444983,
1399,6.223852,
1400,6.310573,
1401,6.151378,
1402,6.180515,
1403,6.398861,
1404,6.152100,
1405,6.371069,
1406,5.875474,
1407,6.099932,
1408,5.856509,
1409,6.090915,
1410,6.117151,
1411,6.278311,
1412,6.001480,
1413,6.189995,
1414,6.237346,
1415,6.583492,
1416,6.437353,
1417,6.440008,
1418,6.201370,
1419,5.851455,
1420,6.322111,
1421,6.364800,
1422,6.240434,
1423,6.036540,
1424,5.986725,
1425,6.254768,
1426,6.305532,
1427,6.213207,
1428,6.014402,
1429,6.221610,
1430,6.199918,
1431,6.336720,
1432,5.934011,
1433,5.647375,
1434,6.094088,
1435,6.218777,
1436,6.174674,
1437,6.306492,
1438,6.365039,
1439,6.119483,
1440,5.786085,
1441,6.340563,
1442,6.393326,
1443,6.416305,
1444,6.039840,
1445,6.229577,
1446,6.039494,
1447,6.378725,
1448,6.386405,
1449,6.238735,
1450,6.388665,
1451,6.135732,
1452,6.291835,
1453,6.550148,
1454,6.200559,
1455,6.300241,
1456,6.201059,
1457,6.436324,
1458,6.121614,
1459,6.428895,
1460,5.871114,
1461,6.378137,
1462,6.363792,
1463,5.992029,
1464,6.000588,
1465,6.189624,
1466,6.290242,
1467,6.211531,
1468,6.467535,
1469,6.353879,
1470,6.109811,
1471,6.268007,
1472,6.346698,
1473,6.254910,
1474,6.334119,
1475,6.470647,
1476,6.257718,
1477,6.555851,
1478,5.853852,
1479,6.242716,
1480,6.554541,
1481,6.371514,
1482,5.981564,
1483,6.533763,
1484,6.114539,
1485,6.492991,
1486,6.068299,
1487,6.612316,
1488,5.947192,
1489,6.267716,
1490,6.256664,
1491,6.061787,
1492,5.753820,
1493,6.052694,
1494,5.783860,
1495,6.341075,
1496,6.392797,
1497,6.242692,
1498,6.202744,
1499,6.400661,
1500,6.154689,
1501,6.337215,
1502,6.352458,
1503,6.418415,
1504,6.392303,
1505,6.219091,
1506,6.216297,
1507,6.212512,
1508,6.152935,
1509,5.930589,
1510,6.403286,
1511,6.391078,
1512,6.428006,
1513,6.571979,
1514,6.557644,
1515,6.218318,
1516,6.319736,
1517,6.438559,
1518,6.525724,
1519,5.738286,
1520,6.621430,
1521,6.439498,
1522,5.958982,
1523,6.294188,
1524,6.201714,
1525,6.371037,
1526,6.147488,
1527,6.439237,
1528,6.208319,
1529,6.183660,
1530,6.548738,
1531,6.329937,
1532,6.171117,
1533,5.523251,
1534,6.176755,
1535,6.041805,
1536,6.095623,
1537,6.055244,
1538,6.492791,
1539,6.197827,
1540,6.149134,
1541,6.184760,
1542,6.131477,
1543,5.862476,
1544,6.005178,
1545,6.089575,
1546,6.182963,
1547,6.186916,
1548,6.104956,
1549,6.316116,
1550,5.966097,
1551,6.141762,
1552,6.465298,
1553,6.281160,
1554,6.242612,
1555,6.407700,
1556,5.990144,
1557,6.135952,
1558,6.219733,
1559,5.992953,
1560,6.008676,
1561,6.289650,
1562,5.721447,
1563,6.078098,
1564,6.360384,
1565,6.298068,
1566,6.017750,
1567,6.277554,
1568,6.023514,
1569,6.490978,
1570,5.967192,
1571,6.023475,
1572,6.251752,
1573,6.032373,
1574,6.030985,
1575,6.494995,
1576,6.247036,
1577,5.910379,
1578,6.507153,
1579,6.356240,
1580,6.809479,
1581,6.012466,
1582,6.307855,
1583,6.368229,
1584,6.166285,
1585,6.578513,
1586,6.241738,
1587,6.233449,
1588,6.135926,
1589,6.597075,
1590,6.311581,
1591,6.219978,
1592,5.946943,
1593,6.376281,
1594,6.009136,
1595,6.432254,
1596,6.045487,
1597,6.406852,
1598,6.112585,
1599,5.986884,
1600,5.601788,
1601,6.443839,
1602,6.343853,
1603,6.366390,
1604,6.470785,
1605,5.946478,
1606,6.336521,
1607,6.209669,
1608,6.393372,
1609,6.296884,
1610,6.173729,
1611,6.014996,
1612,6.184706,
1613,6.218265,
1614,6.121644,
1615,5.976995,
1616,6.106643,
1617,6.189355,
1618,6.410065,
1619,6.333061,
1620,6.940333,
1621,6.288611,
1622,6.039333,
1623,6.344029,
1624,6.368066,
1625,6.321893,
1626,5.972002,
1627,6.138367,
1628,6.376579,
1629,6.325279,
1630,6.077944,
1631,6.324395,
1632,6.228727,
1633,6.490664,
1634,6.314712,
1635,6.095257,
1636,6.046535,
1637,6.426270,
1638,6.407447,
1639,6.423631,
1640,6.358303,
1641,6.407427,
1642,6.116308,
1643,5.747468,
1644,6.402690,
1645,6.300802,
1646,6.400276,
1647,6.172279,
1648,6.316495,
1649,6.266726,
1650,5.982116,
1651,6.195442,
1652,5.855983,
1653,6.007774,
1654,6.280446,
1655,6.332261,
1656,6.317465,
1657,6.336225,
1658,6.232895,
1659,5.770492,
1660,6.104660,
1661,6.748720,
1662,6.273817,
1663,6.221235,
1664,6.486589,
1665,6.304356,
1666,6.452069,
1667,6.272768,
1668,6.381526,
1669,6.231469,
1670,6.323961,
1671,6.596487,
1672,6.029672,
1673,6.367796,
1674,6.402956,
1675,6.129268,
1676,6.225666,
1677,6.309806,
1678,6.101695,
1679,6.149055,
1680,6.310655,
1681,6.479611,
1682,6.398368,
1683,5.909407,
1684,6.069647,
1685,6.161111,
1686,5.973819,
1687,6.401936,
1688,6.328276,
1689,6.264064,
1690,6.256250,
1691,6.416332,
1692,6.132680,
1693,6.271720,
1694,6.355025,
1695,6.434673,
1696,6.116887,
1697,6.238183,
1698,6.349308,
1699,6.227603,
1700,6.025097,
1701,6.176204,
1702,6.477737,
1703,6.034079,
1704,6.011666,
1705,6.360632,
1706,6.199957,
1707,5.624794,
1708,6.404646,
1709,6.161044,
1710,6.142358,
1711,6.045537,
1712,6.466537,
1713,6.252080,
1714,6.495054,
1715,6.378432,
1716,6.334109,
1717,6.021373,
1718,6.306194,
1719,6.307004,
1720,6.132191,
1721,6.518393,
1722,6.166512,
1723,6.327391,
1724,6.243941,
1725,6.371702,
1726,6.442687,
1727,6.243989,
1728,6.058525,
1729,6.452579,
1730,6.230730,
1731,5.951402,
1732,6.307606,
1733,6.194400,
1734,6.285086,
1735,6.206550,
1736,6.136392,
1737,6.406846,
1738,6.505805,
1739,6.151456,
1740,6.290008,
1741,6.312738,
1742,6.197090,
1743,5.943921,
1744,6.204362,
1745,6.159898,
1746,6.351457,
1747,6.270487,
1748,6.581020,
1749,6.319526,
1750,6.008467,
1751,5.831638,
1752,6.264213,
1753,6.553345,
1754,6.525706,
1755,6.241291,
1756,5.992821,
1757,6.479619,
1758,5.814368,
1759,6.213737,
1760,6.549561,
1761,6.164261,
1762,6.261817,
1763,6.190457,
1764,6.218487,
1765,6.337275,
1766,6.569823,
1767,6.271803,
1768,6.247401,
1769,6.095645,
1770,6.272705,
1771,6.195582,
1772,6.220404,
1773,6.284340,
1774,6.121575,
1775,5.848861,
1776,6.154719,
1777,6.826604,
1778,6.167607,
1779,6.412844,
1780,6.283481,
1781,6.418888,
1782,6.000431,
1783,6.343188,
1784,5.924892,
1785,5.756112,
1786,6.473823,
1787,6.389413,
1788,6.404930,
1789,6.397701,
1790,6.336450,
1791,6.366328,
1792,6.641682,
1793,6.258735,
1794,6.409181,
1795,5.980082,
1796,6.144274,
1797,6.384119,
1798,6.188567,
1799,6.094046,
1800,6.036091,
1801,6.396361,
1802,6.169572,
1803,6.466965,
1804,6.346944,
1805,6.599184,
1806,6.334381,
1807,5.789749,
1808,6.025620,
1809,6.042098,
1810,5.746805,
1811,6.339111,
1812,6.714052,
1813,5.945953,
1814,6.036221,
1815,6.489619,
1816,6.043077,
1817,6.185021,
1818,6.159897,
1819,5.913708,
1820,6.232709,
1821,6.150842,
1822,5.918739,
1823,5.690688,
1824,6.274819,
1825,6.388879,
1826,6.338791,
1827,5.999132,
1828,5.887245,
1829,6.585119,
1830,6.048397,
1831,6.085750,
1832,6.363442,
1833,6.875284,
1834,6.454115,
1835,6.242677,
1836,5.881874,
1837,6.666226,
1838,6.040576,
1839,6.127249,
1840,6.247797,
1841,6.231324,
1842,6.313998,
1843,6.339445,
1844,5.916449,
1845,6.151867,
1846,6.419376,
1847,6.484789,
1848,6.112876,
1849,6.219572,
1850,6.316785,
1851,5.936852,
1852,5.892403,
1853,6.186776,
1854,6.363045,
1855,6.265713,
1856,6.130691,
1857,6.119107,
1858,5.991737,
1859,5.834588,
1860,6.087053,
1861,6.246467,
1862,6.146611,
1863,6.756249,
1864,6.054368,
1865,6.361755,
1866,6.102794,
1867,6.633511,
1868,5.803440,
1869,5.877017,7.938125
1870,6.495296,
1871,6.858568,
1872,6.776547,
1873,6.230967,
1874,6.807912,
1875,6.912147,
1876,6.521796,
1877,6.427433,
1878,5.894221,
1879,6.188264,
1880,6.450876,
1881,6.387795,
1882,6.114027,
1883,6.197746,
1884,6.381124,
1885,6.389924,
1886,6.264616,
1887,6.607346,
1888,6.498734,
1889,6.314506,
1890,6.865171,
1891,6.381538,
1892,6.833754,
1893,6.411647,
1894,5.899480,
1895,6.164355,
1896,6.281848,
1897,6.054425,
1898,6.191839,
1899,6.513278,
1900,6.323805,
1901,5.916992,
1902,6.580721,
1903,6.096130,
1904,6.317395,
1905,6.931357,
1906,6.176229,
1907,6.105849,
1908,6.386356,
1909,6.316541,
1910,6.459003,
1911,6.100129,
1912,6.571658,
1913,6.330211,
1914,6.390520,
1915,6.344966,
1916,6.202138,
1917,6.018675,
1918,6.323246,
1919,6.435823,7.706575
